title,url
"National Institute of Technology, Kumamoto College » HOME",http://www.kumamoto-nct.ac.jp/english-home.html
熊本高等専門学校 » 校章・校歌,http://www.kumamoto-nct.ac.jp/general/school/symbol-2.html
熊本高等専門学校 » 組織,http://www.kumamoto-nct.ac.jp/general/school/organization.html
熊本高等専門学校 » 沿革,http://www.kumamoto-nct.ac.jp/general/school/history.html
熊本高等専門学校 » 三つの方針,http://www.kumamoto-nct.ac.jp/general/school/threepolicies.html
熊本高等専門学校 » 本校の目的・理念、育成する人材像,http://www.kumamoto-nct.ac.jp/general/school/philosophy.html
熊本高等専門学校 » 熊本高専について,http://www.kumamoto-nct.ac.jp/general/school/about.html
熊本高等専門学校 » 校長挨拶,http://www.kumamoto-nct.ac.jp/general/school/greeting.html
熊本高等専門学校 » 学校案内,http://www.kumamoto-nct.ac.jp/general.html
熊本高等専門学校 » サイトマップ,http://www.kumamoto-nct.ac.jp/sitemap.html
熊本高等専門学校 » お問い合わせ,http://www.kumamoto-nct.ac.jp/inquiry.html
熊本高等専門学校 » 交通アクセス・キャンパスマップ,http://www.kumamoto-nct.ac.jp/general/access.html
熊本高等専門学校 » 各種評価・JABEE,http://www.kumamoto-nct.ac.jp/hyoka.html
熊本高等専門学校 » 公開情報,http://www.kumamoto-nct.ac.jp/general/openinfo.html
熊本高等専門学校 » リンク集,http://www.kumamoto-nct.ac.jp/link.html
熊本高等専門学校 » ホームページへのご意見・ご要望,http://www.kumamoto-nct.ac.jp/inquiry/webmaster.html
"National Institute of Technology, Kumamoto College » Faculty of Liberal Studies",http://www.kumamoto-nct.ac.jp/english-home/department/faculty-of-liberal-studies.html
ALL in Oneメール Pro,https://mail.kumamoto-nct.ac.jp/am_bin/amlogin
"National Institute of Technology, Kumamoto College » Department of Biological and Chemical Systems Engineering",http://www.kumamoto-nct.ac.jp/english-home/department/department-of-biological-and-chemical-systems-engineering.html
"
	合志市ホームページ
",http://www.city.koshi.lg.jp/
日工教のご紹介  |   日本工学教育協会,https://www.jsee.or.jp/about/
熊本高等専門学校 » 教員数：男女・役職別構成,http://www.kumamoto-nct.ac.jp/general/school/organization/kyouin-kosei2.html
多言語翻訳開始ページ,http://www.city.koshi.lg.jp/honyaku/index.htm
"
	八代市
",http://www.city.yatsushiro.lg.jp/
"
	分類でさがす / 八代市
",http://www.city.yatsushiro.lg.jp/classset001.html
"
	バナー広告についてのお問い合わせ / 合志市ホームページ
",http://www.city.koshi.lg.jp/one_html3/pub/default.aspx?c_id=93
熊本高等専門学校 » 教員数：年齢別構成,http://www.kumamoto-nct.ac.jp/general/school/organization/kyouin-kosei1.html
株式会社ホープ,http://www.zaigenkakuho.com/
一般社団法人 電気学会 | IEEJ,http://www.iee.jp/
熊本高等専門学校 » 三つの方針,http://www.kumamoto-nct.ac.jp/general/subject/sub_advance/adv_p/threepolicies.html
"
	サイトマップ / 八代市
",http://www.city.yatsushiro.lg.jp/sitemap.html
プライバシーポリシー | 株式会社ホープ,http://www.zaigenkakuho.com/privacy
ブラウザ環境について | 一般社団法人 電気学会,http://www.iee.jp/?page_id=9876
熊本高等専門学校 » 三つの方針,http://www.kumamoto-nct.ac.jp/general/subject/sub_advance/adv_e/threepolicies.html
"
	リンク集 / 八代市
",http://www.city.yatsushiro.lg.jp/dynamic/link_m/pub/default.aspx?c_id=31
電気学会ジュニアホームページ,http://www2.iee.or.jp/ver2/honbu/51-junior/
BLOG アーカイブ | 株式会社ホープ,http://www.zaigenkakuho.com/category/blog
熊本高等専門学校 » 三つの方針,http://www.kumamoto-nct.ac.jp/general/subject/sub_biological/threepolicies.html
プライバシーポリシー（個人情報保護基本方針） | 一般社団法人 電気学会,http://www.iee.jp/?page_id=833
"
	八代市
",http://www.city.yatsushiro.lg.jp/default.html
"株式会社ホープ｜人事ブログ,人事ブログ｜株式会社ホープ – 福岡のベンチャー企業、株式会社ホープの人事ブログです。社内のありのままを発信しています。",http://blog.hope-inc.jp
募集要項 | 株式会社ホープ,http://www.zaigenkakuho.com/guideline
熊本高等専門学校 » 三つの方針,http://www.kumamoto-nct.ac.jp/general/subject/sub_design/threepolicies.html
"
	八代市
",http://www.city.yatsushiro.lg.jp/default.html?site=1
社内風景 | 株式会社ホープ,http://www.zaigenkakuho.com/office
熊本高等専門学校 » 三つの方針,http://www.kumamoto-nct.ac.jp/general/subject/sub_machine/threepolicies.html
"
	イベントカレンダー / 移住・定住情報サイトTOP / 八代市
",http://www.city.yatsushiro.lg.jp/dynamic/uji/hpkiji/pub/calendar.aspx?c_id=3
熊本高等専門学校 » 三つの方針,http://www.kumamoto-nct.ac.jp/general/subject/sub_human/threepolicies.html
熊本高等専門学校 » キャリア教育事業部,http://www.kumamoto-nct.ac.jp/general/center/pbl/div-voc.html
"
	リンク集 / 八代市
",http://www.city.yatsushiro.lg.jp/dynamic/link_m/pub/Default.aspx?c_id=31
熊本高等専門学校 » 国際化事業部,http://www.kumamoto-nct.ac.jp/general/center/pbl/div-int.html
熊本高等専門学校 » PBL利用教育事業部,http://www.kumamoto-nct.ac.jp/general/center/pbl/div-pbl.html
"
	ひとのうごき / 八代市
",http://www.city.yatsushiro.lg.jp/dynamic/toukei3/pub/Default.aspx?c_id=32
熊本高等専門学校 » 活動報告,http://www.kumamoto-nct.ac.jp/general/center/pbl/report.html
,http://www.city.yatsushiro.lg.jp/dynamic/uji/hpkiji/pub/ical.ics
"
	イベントカレンダー / 移住・定住情報サイトTOP / 八代市
",http://www.city.yatsushiro.lg.jp/dynamic/uji/hpkiji/pub/Calendar.aspx?c_id=3&sely=2018&selm=12
"
	イベントカレンダー / 移住・定住情報サイトTOP / 八代市
",http://www.city.yatsushiro.lg.jp/dynamic/uji/hpkiji/pub/Calendar.aspx?c_id=3&sely=2018&selm=11
"
	イベントカレンダー / 移住・定住情報サイトTOP / 八代市
",http://www.city.yatsushiro.lg.jp/dynamic/uji/hpkiji/pub/Calendar.aspx?c_id=3&sely=2018&selm=10
"
	イベントカレンダー / 移住・定住情報サイトTOP / 八代市
",http://www.city.yatsushiro.lg.jp/dynamic/uji/hpkiji/pub/Calendar.aspx?c_id=3&sely=2018&selm=9
"
	イベントカレンダー / 移住・定住情報サイトTOP / 八代市
",http://www.city.yatsushiro.lg.jp/dynamic/uji/hpkiji/pub/Calendar.aspx?c_id=3&sely=2018&selm=8
"
	イベントカレンダー / 移住・定住情報サイトTOP / 八代市
",http://www.city.yatsushiro.lg.jp/dynamic/uji/hpkiji/pub/Calendar.aspx?c_id=3&sely=2018&selm=7
"
	イベントカレンダー / 移住・定住情報サイトTOP / 八代市
",http://www.city.yatsushiro.lg.jp/dynamic/uji/hpkiji/pub/Calendar.aspx?c_id=3&sely=2018&selm=6
"
	ひとのうごき / 八代市
",http://www.city.yatsushiro.lg.jp/dynamic/toukei3/pub/default.aspx?c_id=32&d_mst=2
"
	イベントカレンダー / 移住・定住情報サイトTOP / 八代市
",http://www.city.yatsushiro.lg.jp/dynamic/uji/hpkiji/pub/Calendar.aspx?c_id=3&sely=2018&selm=5
"
	イベントカレンダー / 移住・定住情報サイトTOP / 八代市
",http://www.city.yatsushiro.lg.jp/dynamic/uji/hpkiji/pub/Calendar.aspx?c_id=3&sely=2018&selm=4
"
	イベントカレンダー / 移住・定住情報サイトTOP / 八代市
",http://www.city.yatsushiro.lg.jp/dynamic/uji/hpkiji/pub/Calendar.aspx?c_id=3&sely=2018&selm=3
"
	イベントカレンダー / 移住・定住情報サイトTOP / 八代市
",http://www.city.yatsushiro.lg.jp/dynamic/uji/hpkiji/pub/Calendar.aspx?c_id=3&sely=2018&selm=2
"
	イベントカレンダー / 移住・定住情報サイトTOP / 八代市
",http://www.city.yatsushiro.lg.jp/dynamic/uji/hpkiji/pub/Calendar.aspx?c_id=3&sely=2017&selm=12
"
	イベントカレンダー / 移住・定住情報サイトTOP / 八代市
",http://www.city.yatsushiro.lg.jp/dynamic/uji/hpkiji/pub/Daily.aspx?c_id=3&sely=2018&selm=1&seld=21
"
	イベントカレンダー / 移住・定住情報サイトTOP / 八代市
",http://www.city.yatsushiro.lg.jp/dynamic/uji/hpkiji/pub/Weekly.aspx?c_id=3&sely=2018&selm=1&seld=21
